assignment_id,kode_sls,nama_sls,kec,desa,lat_lama,lng_lama,saran_lat,saran_lng,saran_assign,jarak_m,jml_titik_sls
55faacc7-bb05-4921-baee-3edbfe77b6fd,5205010001000501,RT 005 DUSUN NCANGGA,HU'U,HU'U,-8.771465,118.24919,-8.796689,118.379555,4a8ac010-f19d-4a10-ab4a-5c4af2c16dc4,14598,471
75607b4d-3e72-42f7-bc3f-6f4f5c62e5c6,5205010001000501,RT 005 DUSUN NCANGGA,HU'U,HU'U,-8.771465,118.24919,-8.796689,118.379555,4a8ac010-f19d-4a10-ab4a-5c4af2c16dc4,14598,471
025ae161-1d16-441d-b80a-a06fca11b66a,5205020013000800,RT 008 RW 004 DUSUN PANDAI,DOMPU,KAREKE,-8.492803,118.64541,-8.533272,118.46889,a25aeb10-0907-4485-91f8-643540d12761,19927,113
6b8e4298-d62c-411a-b4c2-00b2fd65cdc7,5205030003002100,RT 020 DUSUN MADARUTU,WOJA,BARA,-8.700301,116.94681,-8.541032,118.37863,70f48011-832a-4318-9d81-13f549ebf1b5,158405,135
14ec9e8f-7e83-485d-b54c-37120cc9dc23,5205030014000400,RT 04 DUSUN JAWARIA,WOJA,SERAKAPI,-8.450796,118.72605,-8.533275,118.466934,e1d6f185-03c8-4731-a9f3-7930b0090cb0,29936,186
74211acc-5e57-421b-87cd-dd87b3ad878d,5205040001000500,RT 001 DUSUN KAMBU,KILO,MBUJU,-8.388285,118.31971,-8.38696,118.320465,bf4ef6e5-7f34-451c-8bc7-d3bbd6f59bf6,169,117
2f698f1a-b999-4b71-af21-ddde4edd4c2c,5205040001100200,LAHAN PERTANIAN LADANG,KILO,MBUJU,-8.375421,118.314964,-8.363355,118.3262,1e362f01-9710-4de1-b59e-9a8945e847d5,1824,13
455ac86b-da1b-4200-9cd0-2afef5705353,5205051001000500,RT 001 DUSUN KWANGKO,MANGGALEWA,KWANGKO,-8.665131,118.18193,-8.674274,118.21849,ee02c284-1d32-4a03-b306-c80106c7f1c1,4145,109
9937e28a-01b4-41a4-b59a-55cd099e013c,5205051001000500,RT 001 DUSUN KWANGKO,MANGGALEWA,KWANGKO,-8.665131,118.18193,-8.674274,118.21849,ee02c284-1d32-4a03-b306-c80106c7f1c1,4145,109
c358325f-f7ea-4e05-8509-48815ebab901,5205051001000500,RT 001 DUSUN KWANGKO,MANGGALEWA,KWANGKO,-8.665131,118.18193,-8.674274,118.21849,ee02c284-1d32-4a03-b306-c80106c7f1c1,4145,109
a55db9b1-b88b-48d3-9c29-2bd1e9926474,5205051002000800,RT 02 DUSUN NAPA,MANGGALEWA,NANGATUMPU,-8.665131,118.18193,-8.638575,118.28881,a0a2b2e3-cc77-4ece-b34a-eb0fc8cc396c,12115,109
fd959491-f6bb-4ca1-a48c-4e39b66cbdad,5205051002001100,RT 11 DUSUN NANGATUMPU,MANGGALEWA,NANGATUMPU,-8.656613,118.117935,-8.613654,118.285034,94385e74-c998-4d9e-b258-801f0c084b4b,18981,80
1273273d-a686-44e5-95e2-a8ec6b835ad5,5205051009000900,RT 009 DUSUN PUNCAK,MANGGALEWA,TANJU,-8.578489,118.826195,-8.4698305,118.346954,99ce21b9-5e6b-4e09-a067-127e5c54348c,54068,117
5a7c5a68-213e-4710-9bed-0ac9b3df489b,5205060003002800,RT 004 DUSUN KARANG LEBAH,PEKAT,PEKAT,-8.669736,117.416176,-8.230705,117.751915,a7ca9c0c-5fd2-4004-abf9-55171431a14e,61211,55
6654d478-16ab-47c9-9a48-ea02dd15161b,5205060003002800,RT 004 DUSUN KARANG LEBAH,PEKAT,PEKAT,-8.669736,117.416176,-8.230705,117.751915,a7ca9c0c-5fd2-4004-abf9-55171431a14e,61211,55
84a3d489-7f9a-46fb-86eb-0f1edfc56c99,5205060004000400,RT 04 DUSUN PADE MAJU,PEKAT,SORINOMO,-8.653496,116.11202,-8.265441,117.79625,975837cb-5a04-46f5-82ee-ff52b9661520,190199,63
137de9f3-8b95-4011-8cb5-cf87a2b6a905,5205060004000600,RT 06 DUSUN PADE MAJU,PEKAT,SORINOMO,-8.653462,116.11206,-8.267333,117.793526,f84819ea-1ad4-4b65-b5d2-12b8a4563c44,189854,89
826e7d4c-707d-4fc0-b5b4-cac7671c8ca4,5205060004000600,RT 06 DUSUN PADE MAJU,PEKAT,SORINOMO,-8.653508,116.11204,-8.267333,117.793526,f84819ea-1ad4-4b65-b5d2-12b8a4563c44,189857,89
d650f94a-8a71-4bcf-9c01-3b47dc4d05b0,5205060004000600,RT 06 DUSUN PADE MAJU,PEKAT,SORINOMO,-8.653544,116.11202,-8.267333,117.793526,f84819ea-1ad4-4b65-b5d2-12b8a4563c44,189860,89
f106d8ef-b142-4e58-8f7b-89d8d4b6094f,5205060004000600,RT 06 DUSUN PADE MAJU,PEKAT,SORINOMO,-8.653488,116.11197,-8.267333,117.793526,f84819ea-1ad4-4b65-b5d2-12b8a4563c44,189864,89
0cff1cbf-36fe-4bf3-a738-bea9eb935ef0,5205060004000800,RT 08 DUSUN SORINOMO,PEKAT,SORINOMO,-8.653495,116.112015,-8.263185,117.793846,7c5f875f-f4e0-4737-82dd-cdfb301a66e3,190000,81
0e030d15-a2b4-48a3-8f60-a32f39781669,5205060004000800,RT 08 DUSUN SORINOMO,PEKAT,SORINOMO,-8.653492,116.11199,-8.263185,117.793846,7c5f875f-f4e0-4737-82dd-cdfb301a66e3,190002,81
13eafe44-4f12-4530-a2fb-ca7d418c7b5d,5205060004000800,RT 08 DUSUN SORINOMO,PEKAT,SORINOMO,-8.653504,116.11198,-8.263185,117.793846,7c5f875f-f4e0-4737-82dd-cdfb301a66e3,190004,81
57b46db0-95d0-4577-ae60-b4631d7129db,5205060004000800,RT 08 DUSUN SORINOMO,PEKAT,SORINOMO,-8.653482,116.11204,-8.263185,117.793846,7c5f875f-f4e0-4737-82dd-cdfb301a66e3,189997,81
c41ce1b0-1f10-49a8-94c0-e1779a8ebabb,5205060004000800,RT 08 DUSUN SORINOMO,PEKAT,SORINOMO,-8.653512,116.11204,-8.263185,117.793846,7c5f875f-f4e0-4737-82dd-cdfb301a66e3,189997,81
18bb035d-3b63-47b9-894c-61c1d87c88c5,5205060004001300,RT 13 DUSUN SORINANGKA,PEKAT,SORINOMO,-8.65351,116.11202,-8.254664,117.79561,350fa715-3678-4ac3-bb18-97fa1bd16849,190409,97
650fcce9-1dcc-470b-983f-eb5f5e17f9cd,5205060004001300,RT 13 DUSUN SORINANGKA,PEKAT,SORINOMO,-8.653508,116.112015,-8.254664,117.79561,350fa715-3678-4ac3-bb18-97fa1bd16849,190409,97
82ff61ba-11aa-4899-8fd0-8e2025583b4a,5205060004001300,RT 13 DUSUN SORINANGKA,PEKAT,SORINOMO,-8.653515,116.11202,-8.254664,117.79561,350fa715-3678-4ac3-bb18-97fa1bd16849,190409,97
e622bd6c-0a2a-4e7c-84db-57210a355dc4,5205060004001300,RT 13 DUSUN SORINANGKA,PEKAT,SORINOMO,-8.65353,116.111984,-8.254664,117.79561,350fa715-3678-4ac3-bb18-97fa1bd16849,190413,97
8110f3a6-5731-4c27-bb44-11e7324ae4cb,5205060005001800,RT 01 DUSUN BHINEKA,PEKAT,TAMBORA,-8.166661,117.78773,-8.170287,117.78702,9abb1500-9304-4993-a301-ad342a0133dd,411,35
8053a9f8-e937-4cb5-9e61-934e8d855255,5205060005002000,RT 03 DUSUN BHINEKA,PEKAT,TAMBORA,-8.166272,117.788826,-8.167051,117.78663,18c4ab34-edc0-45ec-a559-7c2420207dec,257,83
ae3bce1c-2b3a-4a6f-9b62-bedfead7ca91,5205060005002000,RT 03 DUSUN BHINEKA,PEKAT,TAMBORA,-8.166272,117.788826,-8.167051,117.78663,18c4ab34-edc0-45ec-a559-7c2420207dec,257,83
3d6b963d-5a41-4625-8de6-7307b91f6318,5205060007000500,RT 002 DUSUN BERANTI,PEKAT,NANGAMIRO,-8.158277,117.72616,-8.158223,117.72689,d91dce4c-ccc5-4af0-baa2-d7ece40ab1a1,81,54
e2c6133a-b999-4f34-a972-d96cc3765434,5205060007000500,RT 002 DUSUN BERANTI,PEKAT,NANGAMIRO,-8.158277,117.72616,-8.158223,117.72689,d91dce4c-ccc5-4af0-baa2-d7ece40ab1a1,81,54
f9d468eb-fd46-45f9-be4e-700900f29503,5205060007000500,RT 002 DUSUN BERANTI,PEKAT,NANGAMIRO,-8.153684,117.65467,-8.159075,117.72664,530bb69c-320c-42ed-8793-227418073853,7944,54
072f7748-2717-4606-9308-f6c06b519ea5,5205060007000600,RT 001 DUSUN NANGAMIRO I,PEKAT,NANGAMIRO,-8.195494,117.82971,-8.185777,117.75975,92a007e1-451c-4f38-aff7-89098957fd3c,7775,130
1298a608-8aed-4bc5-b849-4f872449b4c8,5205060007000600,RT 001 DUSUN NANGAMIRO I,PEKAT,NANGAMIRO,-8.270545,117.703964,-8.185777,117.75975,92a007e1-451c-4f38-aff7-89098957fd3c,11249,130
55534460-54bc-4aff-9722-2e034160db5f,5205060007000600,RT 001 DUSUN NANGAMIRO I,PEKAT,NANGAMIRO,-8.195494,117.82971,-8.185777,117.75975,92a007e1-451c-4f38-aff7-89098957fd3c,7775,130
dc4ae1bc-a222-44d7-99a0-431b3c3d90cf,5205060007000600,RT 001 DUSUN NANGAMIRO I,PEKAT,NANGAMIRO,-8.42184,117.64502,-8.185777,117.75975,92a007e1-451c-4f38-aff7-89098957fd3c,29127,130
9f45a0f3-8897-483f-a896-cb3c3332cdf6,5205060007001300,RT 003 DUSUN DOROMBOLO,PEKAT,NANGAMIRO,-8.16812,117.788826,-8.170215,117.77508,02a88757-183c-49ca-9cf0-7874bf508077,1531,43
f9d70eda-b752-49d0-b9d0-e070d02af805,5205060007001700,RT 001 DUSUN SELAK AIK,PEKAT,NANGAMIRO,-8.137928,117.77234,-8.153071,117.760124,8ac93c21-c2c9-4f50-97c9-5f901c2c9973,2155,91
c84d16fd-bc4b-4d91-a9ba-d04c964f3738,5205060008000700,RT 001 DUSUN TENTE,PEKAT,CALABAI,-8.20702,117.70197,-8.212154,117.707954,b114af84-319a-4bd2-920a-e49b7144f75f,872,153
a31a89b5-e441-4a6a-be90-7f788d6fabf9,5205060010002600,RT 004 DUSUN SUKA MULIA,PEKAT,KADINDI BARAT,-8.132272,117.782234,-8.183102,117.75818,28885536-e347-478b-9c5b-0de390a48f9e,6241,75
